task_id,choice,raw_output
1,A,A
2,A,A
3,A,A
4,A,A
5,A,A
6,A,A
7,A,A
8,A,A
9,A,A
10,A,A
11,A,A
12,A,A
13,A,A
14,A,A
15,A,A
16,A,A
17,A,A
18,A,A
19,A,A
20,A,A
21,A,A
22,A,A
23,A,A
24,A,A
25,A,A
26,A,A
27,A,A
28,A,A
29,A,A
30,A,A
31,A,A
32,A,A
33,A,A
34,A,A
35,A,A
36,B,B
37,A,A
38,B,B
39,A,A
40,B,B
41,A,A
42,A,A
43,A,A
44,A,A
45,A,A
46,A,A
47,A,A
48,A,A
49,A,A
50,A,A
51,A,A
52,A,A
53,A,A
54,A,A
55,A,A
56,A,A
57,B,B
58,A,A
59,A,A
60,A,A
61,A,A
62,A,A
63,A,A
64,A,A
65,A,A
66,B,B
67,A,A
68,A,A
69,A,A
70,A,A
71,A,A
72,A,A
73,A,A
74,A,A
75,A,A
76,A,A
77,A,A
78,A,A
79,A,A
80,A,A
81,A,A
82,A,A
83,A,A
84,A,A
85,A,A
86,A,A
87,A,A
88,A,A
89,A,A
90,B,B
91,A,A
92,A,A
93,A,A
94,A,A
95,A,A
96,A,A
97,A,A
98,A,A
99,A,A
100,A,A
101,A,A
102,A,A
103,A,A
104,A,A
105,A,A
106,A,A
107,A,A
108,A,A
109,A,A
110,A,A
111,A,A
112,A,A
113,A,A
114,A,A
115,A,A
116,A,A
117,A,A
118,A,A
119,A,A
120,A,A
121,A,A
122,A,A
123,A,A
124,A,A
125,A,A
126,A,A
127,A,A
128,A,A
129,A,A
130,A,A
131,A,A
132,A,A
133,A,A
134,B,B
135,A,A
136,A,A
137,B,B
138,A,A
139,A,A
140,A,A
141,A,A
142,A,A
143,A,A
144,A,A
145,B,B
146,B,B
147,B,B
148,A,A
149,A,A
150,A,A
151,A,A
152,A,A
153,A,A
154,A,A
155,A,A
156,A,A
157,A,A
158,A,A
159,A,A
160,A,A
161,A,A
162,A,A
163,A,A
164,A,A
165,A,A
166,A,A
167,B,B
168,A,A
169,A,A
170,A,A
171,A,A
172,B,B
173,A,A
174,A,A
175,A,A
176,A,A
177,A,A
178,A,A
179,A,A
180,A,A
181,A,A
182,A,A
183,A,A
184,A,A
185,A,A
186,A,A
187,A,A
188,A,A
189,A,A
190,A,A
191,A,A
192,B,B
193,A,A
194,A,A
195,A,A
196,A,A
197,A,A
198,A,A
199,A,A
200,A,A
201,A,A
202,B,B
203,A,A
204,A,A
205,A,A
206,A,A
207,A,A
208,A,A
209,A,A
210,A,A
211,A,A
212,A,A
213,A,A
214,A,A
215,B,B
216,A,A
217,A,A
218,A,A
219,A,A
220,A,A
221,A,A
222,A,A
223,B,B
224,A,A
225,B,B
226,A,A
227,A,A
228,B,B
229,A,A
230,A,A
231,A,A
232,B,B
233,A,A
234,A,A
235,A,A
236,A,A
237,B,B
238,A,A
239,A,A
240,A,A
241,A,A
242,A,A
243,A,A
244,A,A
245,A,A
246,A,A
247,A,A
248,A,A
249,A,A
250,A,A
251,A,A
252,A,A
253,A,A
254,B,B
255,A,A
256,A,A
257,A,A
258,A,A
259,A,A
260,A,A
261,A,A
262,A,A
263,B,B
264,A,A
265,A,A
266,A,A
267,A,A
268,A,A
269,A,A
270,A,A
271,A,A
272,A,A
273,A,A
274,A,A
275,A,A
276,A,A
277,A,A
278,A,A
279,A,A
280,A,A
281,A,A
282,A,A
283,A,A
284,A,A
285,A,A
286,A,A
287,A,A
288,A,A
289,A,A
290,A,A
291,A,A
292,A,A
293,A,A
294,A,A
295,A,A
296,A,A
297,A,A
298,A,A
299,A,A
300,A,A
301,A,A
302,A,A
303,A,A
304,A,A
305,A,A
306,A,A
307,A,A
308,A,A
309,A,A
310,A,A
311,A,A
312,A,A
313,A,A
314,A,A
315,A,A
316,A,A
317,A,A
318,A,A
319,A,A
320,A,A
321,A,A
322,A,A
323,A,A
324,A,A
325,A,A
326,A,A
327,A,A
328,A,A
329,A,A
330,A,A
331,A,A
332,A,A
333,A,A
334,B,B
335,B,B
336,A,A
337,A,A
338,A,A
339,A,A
340,A,A
341,B,B
342,A,A
343,A,A
344,A,A
345,A,A
346,A,A
347,A,A
348,B,B
349,A,A
350,A,A
351,A,A
352,A,A
353,A,A
354,A,A
355,A,A
356,A,A
357,A,A
358,A,A
359,B,B
360,A,A
361,A,A
362,A,A
363,A,A
364,A,A
365,A,A
366,A,A
367,A,A
368,B,B
369,A,A
370,A,A
371,A,A
372,A,A
373,B,B
374,B,B
375,A,A
376,A,A
377,A,A
378,A,A
379,A,A
380,B,B
381,B,B
382,B,B
383,B,B
384,A,A
385,A,A
386,A,A
387,A,A
388,A,A
389,A,A
390,A,A
391,A,A
392,A,A
393,A,A
394,A,A
395,A,A
396,B,B
397,A,A
398,A,A
399,A,A
400,A,A
401,A,A
402,A,A
403,B,B
404,A,A
405,A,A
406,A,A
407,A,A
408,A,A
409,A,A
410,A,A
411,A,A
412,A,A
413,A,A
414,B,B
415,B,B
416,A,A
417,A,A
418,A,A
419,A,A
420,A,A
421,B,B
422,B,B
423,B,B
424,A,A
425,A,A
426,A,A
427,B,B
428,A,A
429,A,A
430,A,A
431,A,A
432,A,A
433,A,A
434,B,B
435,A,A
436,A,A
437,A,A
438,A,A
439,A,A
440,A,A
441,A,A
442,A,A
443,A,A
444,A,A
445,A,A
446,A,A
447,A,A
448,A,A
449,B,B
450,A,A
451,A,A
452,A,A
453,A,A
454,B,B
455,B,B
456,A,A
457,A,A
458,A,A
459,A,A
460,A,A
461,B,B
462,A,A
463,B,B
464,B,B
465,A,A
466,A,A
467,A,A
468,A,A
469,A,A
470,A,A
471,A,A
472,A,A
473,A,A
474,A,A
475,A,A
476,A,A
477,A,A
478,A,A
479,A,A
480,A,A
481,A,A
482,A,A
483,B,B
484,A,A
485,B,B
486,B,B
487,B,B
488,A,A
489,A,A
490,A,A
491,A,A
492,B,B
493,A,A
494,A,A
495,A,A
496,A,A
497,A,A
498,A,A
499,A,A
500,A,A
501,A,A
502,A,A
503,A,A
504,A,A
505,A,A
506,A,A
507,B,B
508,A,A
509,A,A
510,A,A
511,A,A
512,A,A
513,A,A
514,A,A
515,A,A
516,A,A
517,A,A
518,A,A
519,A,A
520,A,A
521,A,A
522,A,A
523,A,A
524,A,A
525,B,B
526,A,A
527,B,B
528,B,B
529,B,B
530,A,A
531,A,A
532,B,B
533,A,A
534,B,B
535,B,B
536,B,B
537,A,A
538,B,B
539,B,B
540,A,A
541,A,A
542,A,A
543,A,A
544,A,A
545,B,B
546,A,A
547,A,A
548,B,B
549,A,A
550,A,A
551,A,A
552,A,A
553,B,B
554,A,A
555,B,B
556,B,B
557,A,A
558,A,A
559,A,A
560,A,A
561,A,A
562,A,A
563,A,A
564,A,A
565,A,A
566,A,A
567,B,B
568,A,A
569,A,A
570,A,A
571,A,A
572,B,B
573,A,A
574,A,A
575,A,A
576,A,A
577,A,A
578,A,A
579,A,A
580,A,A
581,A,A
582,A,A
583,A,A
584,A,A
585,A,A
586,A,A
587,B,B
588,B,B
589,A,A
590,A,A
591,A,A
592,A,A
593,A,A
594,A,A
595,A,A
596,A,A
597,B,B
598,B,B
599,B,B
600,A,A
601,A,A
602,A,A
603,A,A
604,A,A
605,B,B
606,B,B
607,A,A
608,A,A
609,A,A
610,B,B
611,A,A
612,A,A
613,A,A
614,B,B
615,B,B
616,B,B
617,A,A
618,A,A
619,A,A
620,A,A
621,A,A
622,A,A
623,B,B
624,A,A
625,B,B
626,A,A
627,A,A
628,A,A
629,A,A
630,A,A
631,A,A
632,A,A
633,B,B
634,B,B
635,A,A
636,A,A
637,B,B
638,A,A
639,B,B
640,A,A
641,A,A
642,A,A
643,A,A
644,A,A
645,A,A
646,B,B
647,A,A
648,B,B
649,A,A
650,A,A
651,B,B
652,A,A
653,A,A
654,A,A
655,A,A
656,B,B
657,A,A
658,A,A
659,A,A
660,A,A
661,A,A
662,A,A
663,A,A
664,A,A
665,A,A
666,B,B
667,B,B
668,B,B
669,B,B
670,B,B
671,B,B
672,B,B
673,B,B
674,A,A
675,B,B
676,A,A
677,B,B
678,B,B
679,B,B
680,A,A
681,A,A
682,B,B
683,B,B
684,A,A
685,A,A
686,A,A
687,A,A
688,A,A
689,A,A
690,A,A
691,A,A
692,A,A
693,A,A
694,A,A
695,B,B
696,A,A
697,A,A
698,A,A
699,A,A
700,A,A
701,A,A
702,A,A
703,A,A
704,A,A
705,A,A
706,A,A
707,B,B
708,A,A
709,A,A
710,A,A
711,A,A
712,A,A
713,A,A
714,A,A
715,B,B
716,A,A
717,B,B
718,A,A
719,A,A
720,B,B
721,A,A
722,A,A
723,A,A
724,A,A
725,A,A
726,B,B
727,A,A
728,B,B
729,A,A
730,B,B
731,B,B
732,A,A
733,A,A
734,A,A
735,A,A
736,B,B
737,A,A
738,A,A
739,A,A
740,A,A
741,A,A
742,A,A
743,A,A
744,A,A
745,A,A
746,A,A
747,B,B
748,B,B
749,A,A
750,B,B
751,A,A
752,B,B
753,A,A
754,A,A
755,A,A
756,A,A
757,A,A
758,A,A
759,A,A
760,A,A
761,A,A
762,B,B
763,A,A
764,A,A
765,A,A
766,A,A
767,A,A
768,A,A
769,A,A
770,A,A
771,A,A
772,B,B
773,A,A
774,A,A
775,A,A
776,A,A
777,B,B
778,A,A
779,B,B
780,A,A
781,A,A
782,A,A
783,A,A
784,A,A
785,A,A
786,B,B
787,A,A
788,B,B
789,B,B
790,A,A
791,A,A
792,A,A
793,A,A
794,A,A
795,A,A
796,A,A
797,A,A
798,A,A
799,A,A
800,A,A
801,B,B
802,B,B
803,A,A
804,B,B
805,A,A
806,A,A
807,A,A
808,A,A
809,A,A
810,B,B
811,B,B
812,A,A
813,B,B
814,B,B
815,A,A
816,B,B
817,A,A
818,A,A
819,A,A
820,A,A
821,A,A
822,A,A
823,B,B
824,A,A
825,A,A
826,B,B
827,A,A
828,B,B
829,B,B
830,A,A
831,A,A
832,A,A
833,B,B
834,A,A
835,B,B
836,B,B
837,A,A
838,B,B
839,A,A
840,A,A
841,A,A
842,A,A
843,A,A
844,A,A
845,B,B
846,A,A
847,A,A
848,A,A
849,A,A
850,A,A
851,B,B
852,A,A
853,A,A
854,A,A
855,A,A
856,B,B
857,B,B
858,A,A
859,A,A
860,A,A
861,B,B
862,A,A
863,A,A
864,B,B
865,A,A
866,A,A
867,B,B
868,A,A
869,A,A
870,A,A
871,A,A
872,A,A
873,B,B
874,A,A
875,A,A
876,A,A
877,B,B
878,B,B
879,A,A
880,A,A
881,B,B
882,A,A
883,B,B
884,B,B
885,A,A
886,B,B
887,A,A
888,A,A
889,A,A
890,A,A
891,B,B
892,B,B
893,A,A
894,A,A
895,A,A
896,A,A
897,A,A
898,A,A
899,A,A
900,A,A
901,A,A
902,B,B
903,A,A
904,A,A
905,A,A
906,B,B
907,A,A
908,A,A
909,A,A
910,A,A
911,A,A
912,A,A
913,A,A
914,A,A
915,B,B
916,A,A
917,B,B
918,A,A
919,A,A
920,A,A
921,A,A
922,A,A
923,A,A
924,A,A
925,A,A
926,A,A
927,B,B
928,B,B
929,B,B
930,A,A
931,B,B
932,B,B
933,B,B
934,B,B
935,B,B
936,B,B
937,B,B
938,B,B
939,A,A
940,B,B
941,A,A
942,A,A
943,A,A
944,A,A
945,B,B
946,A,A
947,B,B
948,A,A
949,B,B
950,A,A
951,B,B
952,A,A
953,B,B
954,B,B
955,B,B
956,A,A
957,B,B
958,B,B
959,B,B
960,B,B
961,A,A
962,A,A
963,A,A
964,A,A
965,A,A
966,A,A
967,A,A
968,A,A
969,B,B
970,A,A
971,A,A
972,A,A
973,A,A
974,B,B
975,A,A
976,B,B
977,A,A
978,B,B
979,B,B
980,B,B
981,A,A
982,A,A
983,A,A
984,B,B
985,B,B
986,B,B
987,B,B
988,B,B
989,A,A
990,B,B
991,B,B
992,B,B
993,B,B
994,A,A
995,A,A
996,A,A
997,B,B
998,B,B
999,B,B
1000,B,B
1001,B,B
1002,B,B
1003,B,B
1004,B,B
1005,B,B
1006,B,B
1007,A,A
1008,A,A
1009,B,B
1010,A,A
1011,B,B
1012,B,B
1013,B,B
1014,B,B
1015,B,B
1016,B,B
1017,B,B
1018,B,B
1019,B,B
1020,A,A
1021,A,A
1022,A,A
1023,A,A
1024,A,A
1025,B,B
1026,B,B
1027,B,B
1028,B,B
1029,B,B
1030,B,B
1031,B,B
1032,B,B
1033,B,B
1034,B,B
1035,B,B
1036,B,B
1037,B,B
1038,B,B
1039,B,B
1040,B,B
1041,B,B
1042,B,B
1043,B,B
1044,B,B
1045,B,B
1046,B,B
1047,B,B
1048,B,B
1049,A,A
1050,A,A
1051,A,A
1052,B,B
1053,B,B
1054,B,B
1055,B,B
1056,B,B
1057,B,B
1058,B,B
1059,B,B
1060,B,B
1061,B,B
1062,A,A
1063,B,B
1064,B,B
1065,A,A
1066,A,A
1067,A,A
1068,B,B
1069,B,B
1070,B,B
1071,B,B
1072,B,B
1073,B,B
1074,B,B
1075,B,B
1076,B,B
1077,B,B
1078,B,B
1079,B,B
1080,B,B
1081,B,B
1082,B,B
1083,B,B
1084,B,B
1085,B,B
1086,B,B
1087,B,B
1088,B,B
1089,A,A
1090,B,B
1091,A,A
1092,A,A
1093,A,A
1094,B,B
1095,A,A
1096,A,A
1097,B,B
1098,B,B
1099,B,B
1100,B,B
1101,B,B
1102,B,B
1103,B,B
1104,B,B
1105,A,A
1106,A,A
1107,A,A
1108,A,A
1109,B,B
1110,A,A
1111,B,B
1112,B,B
1113,B,B
1114,A,A
1115,B,B
1116,B,B
1117,B,B
1118,B,B
1119,B,B
1120,B,B
1121,B,B
1122,B,B
1123,B,B
1124,B,B
1125,A,A
1126,B,B
1127,B,B
1128,B,B
1129,B,B
1130,B,B
1131,B,B
1132,B,B
1133,B,B
1134,B,B
1135,B,B
1136,B,B
1137,B,B
1138,B,B
1139,B,B
1140,B,B
1141,A,A
1142,B,B
1143,A,A
1144,B,B
1145,B,B
1146,A,A
1147,A,A
1148,A,A
1149,A,A
1150,A,A
1151,A,A
1152,B,B
1153,A,A
1154,A,A
1155,A,A
1156,A,A
1157,A,A
1158,A,A
1159,B,B
1160,A,A
1161,A,A
1162,B,B
1163,A,A
1164,B,B
1165,A,A
1166,A,A
1167,A,A
1168,A,A
1169,B,B
1170,B,B
1171,A,A
1172,B,B
1173,A,A
1174,A,A
1175,A,A
1176,A,A
1177,A,A
1178,A,A
1179,A,A
1180,B,B
1181,A,A
1182,A,A
1183,A,A
1184,A,A
1185,A,A
1186,A,A
1187,A,A
1188,B,B
1189,B,B
1190,B,B
1191,B,B
1192,A,A
1193,A,A
1194,A,A
1195,A,A
1196,A,A
1197,A,A
1198,B,B
1199,A,A
1200,A,A
1201,A,A
1202,A,A
1203,A,A
1204,A,A
1205,B,B
1206,B,B
1207,A,A
1208,A,A
1209,A,A
1210,A,A
1211,A,A
1212,A,A
1213,B,B
1214,A,A
1215,A,A
1216,A,A
1217,A,A
1218,A,A
1219,A,A
1220,A,A
1221,A,A
1222,A,A
1223,A,A
1224,A,A
1225,A,A
1226,A,A
1227,A,A
1228,A,A
1229,B,B
1230,A,A
1231,A,A
1232,A,A
1233,A,A
1234,A,A
1235,B,B
1236,A,A
1237,A,A
1238,A,A
1239,A,A
1240,A,A
1241,A,A
1242,A,A
1243,A,A
1244,B,B
1245,A,A
1246,A,A
1247,A,A
1248,A,A
1249,B,B
1250,B,B
1251,A,A
1252,A,A
1253,A,A
1254,A,A
1255,A,A
1256,A,A
1257,A,A
1258,A,A
1259,A,A
1260,A,A
1261,A,A
1262,B,B
1263,A,A
1264,B,B
1265,A,A
1266,A,A
1267,B,B
1268,A,A
1269,A,A
1270,A,A
1271,B,B
1272,A,A
1273,A,A
1274,A,A
1275,A,A
1276,A,A
1277,A,A
1278,A,A
1279,A,A
1280,A,A
1281,B,B
1282,B,B
1283,A,A
1284,B,B
1285,A,A
1286,A,A
1287,A,A
1288,A,A
1289,A,A
1290,A,A
1291,B,B
1292,B,B
1293,A,A
1294,A,A
1295,A,A
1296,A,A
1297,A,A
1298,A,A
1299,B,B
1300,A,A
1301,A,A
1302,A,A
1303,A,A
1304,A,A
1305,B,B
1306,A,A
1307,B,B
1308,A,A
1309,A,A
1310,B,B
1311,A,A
1312,A,A
1313,B,B
1314,A,A
1315,A,A
1316,B,B
1317,A,A
1318,A,A
1319,A,A
1320,A,A
1321,A,A
1322,A,A
1323,A,A
1324,A,A
1325,B,B
1326,B,B
1327,B,B
1328,A,A
1329,B,B
1330,B,B
1331,A,A
1332,B,B
1333,A,A
1334,A,A
1335,A,A
1336,A,A
1337,A,A
1338,A,A
1339,A,A
1340,A,A
1341,A,A
1342,A,A
1343,A,A
1344,B,B
1345,B,B
1346,A,A
1347,B,B
1348,B,B
1349,A,A
1350,B,B
1351,A,A
1352,A,A
1353,A,A
1354,A,A
1355,A,A
1356,A,A
1357,A,A
1358,A,A
1359,A,A
1360,A,A
1361,A,A
1362,A,A
1363,A,A
1364,A,A
1365,A,A
1366,A,A
1367,A,A
1368,A,A
1369,A,A
1370,A,A
1371,A,A
1372,A,A
1373,A,A
1374,A,A
1375,A,A
1376,A,A
1377,A,A
1378,A,A
1379,A,A
1380,A,A
1381,A,A
1382,A,A
1383,A,A
1384,A,A
1385,A,A
1386,A,A
1387,A,A
1388,B,B
1389,B,B
1390,A,A
1391,A,A
1392,A,A
1393,A,A
1394,B,B
1395,A,A
1396,A,A
1397,A,A
1398,A,A
1399,A,A
1400,A,A
1401,A,A
1402,B,B
1403,B,B
1404,A,A
1405,A,A
1406,A,A
1407,A,A
1408,B,B
1409,A,A
1410,B,B
1411,B,B
1412,B,B
1413,B,B
1414,B,B
1415,A,A
1416,A,A
1417,B,B
1418,B,B
1419,A,A
1420,A,A
1421,B,B
1422,B,B
1423,B,B
1424,B,B
1425,B,B
1426,B,B
1427,B,B
1428,B,B
1429,B,B
1430,B,B
1431,B,B
1432,B,B
1433,B,B
1434,A,A
1435,A,A
1436,A,A
1437,A,A
1438,B,B
1439,A,A
1440,A,A
1441,A,A
1442,B,B
1443,A,A
1444,B,B
1445,A,A
1446,A,A
1447,A,A
1448,A,A
1449,B,B
1450,A,A
1451,A,A
1452,A,A
1453,B,B
1454,A,A
1455,B,B
1456,A,A
1457,A,A
1458,A,A
1459,A,A
1460,A,A
1461,A,A
1462,A,A
1463,A,A
1464,A,A
1465,A,A
1466,A,A
1467,A,A
1468,A,A
1469,B,B
1470,B,B
1471,A,A
1472,A,A
1473,B,B
1474,A,A
1475,A,A
1476,A,A
1477,B,B
1478,B,B
1479,B,B
1480,B,B
1481,A,A
1482,A,A
1483,B,B
1484,A,A
1485,A,A
1486,A,A
1487,B,B
1488,A,A
1489,A,A
1490,A,A
1491,A,A
1492,A,A
1493,A,A
1494,A,A
1495,A,A
1496,A,A
1497,A,A
1498,A,A
1499,A,A
1500,A,A
1501,A,A
1502,A,A
1503,A,A
1504,A,A
1505,A,A
1506,A,A
1507,B,B
1508,A,A
1509,A,A
1510,A,A
1511,A,A
1512,A,A
1513,A,A
1514,A,A
1515,A,A
1516,A,A
1517,A,A
1518,B,B
1519,A,A
1520,B,B
1521,A,A
1522,A,A
1523,A,A
1524,A,A
1525,A,A
1526,A,A
1527,B,B
1528,B,B
1529,A,A
1530,B,B
1531,B,B
1532,A,A
1533,B,B
1534,B,B
1535,B,B
1536,B,B
1537,A,A
1538,A,A
1539,A,A
1540,B,B
1541,A,A
1542,B,B
1543,B,B
1544,B,B
1545,A,A
1546,A,A
1547,A,A
1548,B,B
1549,B,B
1550,A,A
1551,A,A
1552,A,A
1553,A,A
1554,A,A
1555,A,A
1556,A,A
1557,B,B
1558,B,B
1559,B,B
1560,B,B
1561,A,A
1562,A,A
1563,B,B
1564,B,B
1565,A,A
1566,A,A
1567,A,A
1568,A,A
1569,B,B
1570,A,A
1571,B,B
1572,A,A
1573,B,B
1574,B,B
1575,A,A
1576,A,A
1577,B,B
1578,B,B
1579,A,A
1580,A,A
1581,B,B
1582,A,A
1583,B,B
1584,B,B
1585,A,A
1586,A,A
1587,A,A
1588,A,A
1589,A,A
1590,B,B
1591,A,A
1592,B,B
1593,A,A
1594,A,A
1595,A,A
1596,A,A
1597,B,B
1598,A,A
1599,A,A
1600,A,A
1601,B,B
1602,A,A
1603,A,A
1604,A,A
1605,A,A
1606,B,B
1607,B,B
1608,A,A
1609,A,A
1610,B,B
1611,B,B
1612,A,A
1613,A,A
1614,A,A
1615,A,A
1616,A,A
1617,B,B
1618,B,B
1619,B,B
1620,B,B
1621,A,A
1622,A,A
1623,A,A
1624,A,A
1625,A,A
1626,A,A
1627,A,A
1628,A,A
1629,B,B
1630,A,A
1631,B,B
1632,A,A
1633,B,B
1634,B,B
1635,B,B
1636,B,B
1637,B,B
1638,B,B
1639,B,B
1640,B,B
1641,A,A
1642,A,A
1643,A,A
1644,A,A
1645,B,B
1646,B,B
1647,B,B
1648,B,B
1649,A,A
1650,A,A
1651,A,A
1652,A,A
1653,A,A
1654,A,A
1655,A,A
1656,A,A
1657,B,B
1658,B,B
1659,B,B
1660,B,B
1661,A,A
1662,A,A
1663,A,A
1664,A,A
1665,A,A
1666,B,B
1667,A,A
1668,A,A
1669,A,A
1670,A,A
1671,B,B
1672,A,A
1673,A,A
1674,A,A
1675,B,B
1676,A,A
1677,A,A
1678,A,A
1679,A,A
1680,A,A
1681,A,A
1682,A,A
1683,A,A
1684,B,B
1685,A,A
1686,A,A
1687,A,A
1688,A,A
1689,A,A
1690,A,A
1691,A,A
1692,A,A
1693,A,A
1694,A,A
1695,A,A
1696,A,A
1697,B,B
1698,A,A
1699,A,A
1700,A,A
1701,A,A
1702,A,A
1703,A,A
1704,A,A
1705,A,A
1706,A,A
1707,A,A
1708,A,A
1709,A,A
1710,A,A
1711,B,B
1712,B,B
1713,A,A
1714,A,A
1715,A,A
1716,A,A
1717,A,A
1718,A,A
1719,A,A
1720,A,A
1721,A,A
1722,B,B
1723,B,B
1724,B,B
1725,A,A
1726,B,B
1727,A,A
1728,A,A
1729,A,A
1730,B,B
1731,A,A
1732,B,B
1733,B,B
1734,A,A
1735,A,A
1736,A,A
1737,B,B
1738,A,A
1739,B,B
1740,B,B
1741,A,A
1742,A,A
1743,A,A
1744,A,A
1745,A,A
1746,B,B
1747,B,B
1748,B,B
1749,B,B
1750,B,B
1751,B,B
1752,B,B
1753,A,A
1754,B,B
1755,B,B
1756,A,A
1757,A,A
1758,B,B
1759,B,B
1760,B,B
1761,B,B
1762,B,B
1763,B,B
1764,B,B
1765,B,B
1766,B,B
1767,B,B
1768,B,B
1769,B,B
1770,B,B
1771,B,B
1772,B,B
1773,B,B
1774,B,B
1775,A,A
1776,A,A
1777,B,B
1778,B,B
1779,B,B
1780,A,A
1781,A,A
1782,A,A
1783,A,A
1784,A,A
1785,A,A
1786,A,A
1787,A,A
1788,B,B
1789,A,A
1790,B,B
1791,A,A
1792,A,A
1793,B,B
1794,A,A
1795,B,B
1796,B,B
1797,B,B
1798,B,B
1799,B,B
1800,B,B
1801,B,B
1802,B,B
1803,B,B
1804,B,B
1805,B,B
1806,B,B
1807,C,C
1808,C,C
1809,A,A
1810,C,C
1811,C,C
1812,C,C
1813,A,A
1814,A,A
1815,A,A
1816,C,C
1817,A,A
1818,A,A
1819,C,C
1820,C,C
1821,C,C
1822,C,C
1823,C,C
1824,B,B
1825,A,A
1826,A,A
1827,A,A
1828,A,A
1829,A,A
1830,A,A
1831,B,B
1832,B,B
1833,A,A
1834,B,B
1835,B,B
1836,B,B
1837,B,B
1838,A,A
1839,B,B
1840,A,A
1841,A,A
1842,A,A
1843,A,A
1844,A,A
1845,A,A
1846,A,A
1847,A,A
1848,A,A
1849,A,A
1850,C,C
1851,A,A
1852,C,C
1853,A,A
1854,A,A
1855,A,A
1856,C,C
1857,C,C
1858,C,C
1859,A,A
1860,A,A
1861,C,C
1862,B,B
1863,B,B
1864,C,C
1865,A,A
1866,B,B
1867,B,B
1868,B,B
1869,B,B
1870,B,B
1871,C,C
1872,B,B
1873,A,A
1874,A,A
1875,A,A
1876,B,B
1877,C,C
1878,C,C
1879,A,A
1880,C,C
1881,A,A
1882,A,A
1883,A,A
1884,A,A
1885,A,A
1886,A,A
1887,A,A
1888,A,A
1889,A,A
1890,A,A
1891,A,A
1892,C,C
1893,C,C
1894,A,A
1895,C,C
1896,A,A
1897,C,C
1898,C,C
1899,A,A
1900,C,C
1901,C,C
1902,C,C
1903,B,B
1904,A,A
1905,A,A
1906,A,A
1907,A,A
1908,A,A
1909,C,C
1910,A,A
1911,A,A
1912,B,B
1913,B,B
1914,A,A
1915,A,A
1916,B,B
1917,A,A
1918,A,A
1919,B,B
1920,B,B
1921,B,B
1922,B,B
1923,B,B
1924,A,A
1925,B,B
1926,A,A
1927,A,A
1928,C,C
1929,A,A
1930,A,A
1931,C,C
1932,C,C
1933,B,B
1934,A,A
1935,B,B
1936,B,B
1937,B,B
1938,B,B
1939,A,A
1940,A,A
1941,A,A
1942,A,A
1943,A,A
1944,A,A
1945,A,A
1946,A,A
1947,C,C
1948,A,A
1949,C,C
1950,A,A
1951,C,C
1952,B,B
1953,B,B
1954,B,B
1955,C,C
1956,C,C
1957,A,A
1958,A,A
1959,A,A
1960,C,C
1961,A,A
1962,B,B
1963,B,B
1964,A,A
1965,A,A
1966,A,A
1967,B,B
1968,B,B
1969,B,B
1970,B,B
1971,B,B
1972,B,B
1973,B,B
1974,B,B
1975,B,B
1976,B,B
1977,C,C
1978,B,B
1979,B,B
1980,C,C
1981,A,A
1982,B,B
1983,B,B
1984,B,B
1985,A,A
1986,A,A
1987,A,A
1988,A,A
1989,C,C
1990,C,C
1991,A,A
1992,A,A
1993,B,B
1994,C,C
1995,A,A
1996,A,A
1997,B,B
1998,A,A
1999,C,C
2000,C,C
2001,C,C
2002,C,C
2003,C,C
2004,C,C
2005,A,A
2006,A,A
2007,A,A
2008,A,A
2009,B,B
2010,A,A
2011,B,B
2012,B,B
2013,B,B
2014,B,B
2015,A,A
2016,A,A
2017,A,A
2018,A,A
2019,C,C
2020,C,C
2021,A,A
2022,B,B
2023,A,A
2024,A,A
2025,A,A
2026,A,A
2027,A,A
2028,A,A
2029,A,A
2030,A,A
2031,B,B
2032,B,B
2033,A,A
2034,A,A
2035,A,A
2036,A,A
2037,A,A
2038,C,C
2039,A,A
2040,B,B
2041,A,A
2042,B,B
2043,B,B
2044,A,A
2045,A,A
2046,B,B
2047,B,B
2048,A,A
2049,B,B
2050,A,A
2051,B,B
2052,B,B
2053,A,A
2054,B,B
2055,B,B
2056,A,A
2057,B,B
2058,A,A
2059,A,A
2060,C,C
2061,C,C
2062,C,C
2063,A,A
2064,A,A
2065,B,B
2066,A,A
2067,A,A
2068,B,B
2069,A,A
2070,B,B
2071,B,B
2072,A,A
2073,C,C
2074,C,C
2075,B,B
2076,A,A
2077,A,A
2078,B,B
2079,A,A
2080,B,B
2081,B,B
2082,C,C
2083,A,A
2084,B,B
2085,A,A
2086,C,C
2087,A,A
2088,C,C
2089,B,B
2090,B,B
2091,A,A
2092,A,A
2093,A,A
2094,A,A
2095,A,A
2096,C,C
2097,C,C
2098,C,C
2099,C,C
2100,A,A
2101,C,C
2102,A,A
2103,A,A
2104,C,C
2105,A,A
2106,A,A
2107,A,A
2108,C,C
2109,C,C
2110,C,C
2111,C,C
2112,A,A
2113,B,B
2114,A,A
2115,B,B
2116,B,B
2117,A,A
2118,B,B
2119,A,A
2120,A,A
2121,A,A
2122,A,A
2123,A,A
2124,A,A
2125,A,A
2126,C,C
2127,C,C
2128,A,A
2129,A,A
2130,C,C
2131,A,A
2132,A,A
2133,B,B
2134,B,B
2135,A,A
2136,A,A
2137,C,C
2138,B,B
2139,B,B
2140,B,B
2141,A,A
2142,C,C
2143,A,A
2144,A,A
2145,C,C
2146,B,B
2147,A,A
2148,A,A
2149,C,C
2150,C,C
2151,C,C
2152,C,C
2153,A,A
2154,A,A
2155,A,A
2156,A,A
2157,A,A
2158,A,A
2159,A,A
2160,A,A
2161,B,B
2162,B,B
2163,B,B
2164,B,B
2165,B,B
2166,B,B
2167,C,C
2168,B,B
2169,B,B
2170,C,C
2171,B,B
2172,B,B
2173,C,C
2174,A,A
2175,A,A
2176,C,C
2177,B,B
2178,B,B
2179,B,B
2180,B,B
2181,B,B
2182,B,B
2183,A,A
2184,B,B
2185,B,B
2186,A,A
2187,B,B
2188,A,A
2189,A,A
2190,B,B
2191,A,A
2192,A,A
2193,A,A
2194,A,A
2195,C,C
2196,A,A
2197,A,A
2198,A,A
2199,A,A
2200,A,A
2201,A,A
2202,B,B
2203,A,A
2204,A,A
2205,B,B
2206,A,A
2207,A,A
2208,C,C
2209,C,C
2210,C,C
2211,C,C
2212,C,C
2213,C,C
2214,C,C
2215,A,A
2216,A,A
2217,A,A
2218,A,A
2219,A,A
2220,B,B
2221,A,A
2222,C,C
2223,B,B
2224,A,A
2225,A,A
2226,B,B
2227,C,C
2228,A,A
2229,A,A
2230,A,A
2231,A,A
2232,A,A
2233,C,C
2234,C,C
2235,A,A
2236,C,C
2237,C,C
2238,B,B
2239,A,A
2240,A,A
2241,A,A
2242,A,A
2243,A,A
2244,A,A
2245,A,A
2246,A,A
2247,A,A
2248,A,A
2249,A,A
2250,A,A
2251,B,B
2252,A,A
2253,A,A
2254,A,A
2255,A,A
2256,A,A
2257,C,C
2258,A,A
2259,B,B
2260,A,A
2261,A,A
2262,A,A
2263,C,C
2264,A,A
2265,A,A
2266,C,C
2267,C,C
2268,A,A
2269,C,C
2270,C,C
2271,C,C
2272,C,C
2273,C,C
2274,C,C
2275,B,B
2276,B,B
2277,B,B
2278,B,B
2279,B,B
2280,B,B
2281,B,B
2282,A,A
2283,B,B
2284,B,B
2285,B,B
2286,B,B
2287,A,A
2288,A,A
2289,A,A
2290,A,A
2291,A,A
2292,B,B
2293,B,B
2294,C,C
2295,B,B
2296,B,B
2297,B,B
2298,C,C
2299,C,C
2300,B,B
2301,A,A
2302,B,B
2303,B,B
2304,A,A
2305,A,A
2306,A,A
2307,C,C
2308,A,A
2309,A,A
2310,A,A
2311,C,C
2312,C,C
2313,C,C
2314,B,B
2315,A,A
2316,C,C
2317,B,B
2318,B,B
2319,B,B
2320,B,B
2321,B,B
2322,B,B
2323,B,B
2324,B,B
2325,B,B
2326,A,A
2327,B,B
2328,B,B
2329,A,A
2330,A,A
2331,A,A
2332,C,C
2333,A,A
2334,B,B
2335,A,A
2336,C,C
2337,B,B
2338,C,C
2339,C,C
2340,C,C
2341,C,C
2342,A,A
2343,A,A
2344,A,A
2345,A,A
2346,C,C
2347,B,B
2348,A,A
2349,A,A
2350,B,B
2351,B,B
2352,B,B
2353,B,B
2354,B,B
2355,C,C
2356,B,B
2357,C,C
2358,C,C
2359,C,C
2360,B,B
2361,C,C
2362,C,C
2363,B,B
2364,A,A
2365,C,C
2366,C,C
2367,C,C
2368,A,A
2369,B,B
2370,C,C
2371,C,C
2372,A,A
2373,C,C
2374,A,A
2375,A,A
2376,A,A
2377,B,B
2378,B,B
2379,B,B
2380,B,B
2381,B,B
2382,B,B
2383,A,A
2384,B,B
2385,A,A
2386,B,B
2387,A,A
2388,C,C
2389,A,A
2390,A,A
2391,B,B
2392,B,B
2393,A,A
2394,B,B
2395,A,A
2396,C,C
2397,C,C
2398,C,C
2399,C,C
2400,C,C
2401,A,A
2402,C,C
2403,A,A
2404,A,A
2405,A,A
2406,C,C
2407,A,A
2408,A,A
2409,A,A
2410,A,A
2411,A,A
2412,A,A
2413,B,B
2414,B,B
2415,B,B
2416,B,B
2417,B,B
2418,B,B
2419,B,B
2420,B,B
2421,B,B
2422,B,B
2423,B,B
2424,B,B
2425,A,A
2426,C,C
2427,C,C
2428,C,C
2429,C,C
2430,A,A
2431,C,C
2432,B,B
2433,C,C
2434,B,B
2435,B,B
2436,B,B
2437,A,A
2438,B,B
2439,B,B
2440,B,B
2441,B,B
2442,A,A
2443,C,C
2444,B,B
2445,B,B
2446,B,B
2447,B,B
2448,B,B
2449,A,A
2450,A,A
2451,B,B
2452,A,A
2453,A,A
2454,A,A
2455,B,B
2456,C,C
2457,B,B
2458,B,B
2459,B,B
2460,B,B
2461,B,B
2462,B,B
2463,B,B
2464,C,C
2465,C,C
2466,A,A
2467,B,B
2468,A,A
2469,B,B
2470,B,B
2471,C,C
2472,A,A
2473,A,A
2474,A,A
2475,A,A
2476,A,A
2477,A,A
2478,A,A
2479,B,B
2480,B,B
2481,B,B
2482,C,C
2483,A,A
2484,C,C
2485,A,A
2486,A,A
2487,B,B
2488,B,B
2489,A,A
2490,A,A
2491,A,A
2492,A,A
2493,A,A
2494,A,A
2495,C,C
2496,A,A
2497,A,A
2498,A,A
2499,A,A
2500,A,A
2501,A,A
2502,C,C
2503,B,B
2504,B,B
2505,A,A
2506,A,A
2507,A,A
2508,A,A
2509,A,A
2510,C,C
2511,B,B
2512,C,C
2513,A,A
2514,B,B
2515,A,A
2516,A,A
2517,B,B
2518,B,B
2519,A,A
2520,B,B
2521,B,B
2522,B,B
2523,A,A
2524,B,B
2525,B,B
2526,A,A
2527,B,B
2528,A,A
2529,B,B
2530,B,B
2531,A,A
2532,A,A
2533,B,B
2534,B,B
2535,B,B
2536,B,B
2537,B,B
2538,B,B
2539,A,A
2540,A,A
2541,A,A
2542,A,A
2543,B,B
2544,A,A
2545,A,A
2546,A,A
2547,A,A
2548,A,A
2549,C,C
2550,A,A
2551,A,A
2552,A,A
2553,B,B
2554,A,A
2555,A,A
2556,A,A
2557,B,B
2558,A,A
2559,A,A
2560,C,C
2561,C,C
2562,A,A
2563,B,B
2564,C,C
2565,C,C
2566,C,C
2567,B,B
2568,B,B
2569,C,C
2570,C,C
2571,C,C
2572,C,C
2573,A,A
2574,C,C
2575,B,B
2576,A,A
2577,C,C
2578,B,B
2579,B,B
2580,B,B
2581,A,A
2582,A,A
2583,A,A
2584,C,C
2585,C,C
2586,C,C
2587,B,B
2588,A,A
2589,A,A
2590,B,B
2591,A,A
2592,A,A
2593,A,A
2594,A,A
2595,C,C
2596,A,A
2597,A,A
2598,C,C
2599,B,B
2600,B,B
2601,B,B
2602,C,C
2603,B,B
2604,A,A
2605,C,C
2606,C,C
2607,C,C
2608,C,C
2609,A,A
2610,A,A
2611,A,A
2612,B,B
2613,B,B
2614,B,B
2615,B,B
2616,C,C
2617,C,C
2618,C,C
2619,C,C
2620,A,A
2621,C,C
2622,C,C
2623,C,C
2624,C,C
2625,B,B
2626,C,C
2627,C,C
2628,B,B
2629,A,A
2630,B,B
2631,A,A
2632,A,A
2633,A,A
2634,B,B
2635,A,A
2636,A,A
2637,B,B
2638,A,A
2639,A,A
2640,A,A
2641,A,A
2642,B,B
2643,A,A
2644,B,B
2645,A,A
2646,B,B
2647,B,B
2648,A,A
2649,C,C
2650,A,A
2651,B,B
2652,A,A
2653,C,C
2654,C,C
2655,B,B
2656,C,C
2657,C,C
2658,B,B
2659,C,C
2660,B,B
2661,A,A
2662,A,A
2663,A,A
2664,B,B
2665,B,B
2666,A,A
2667,A,A
2668,A,A
2669,B,B
2670,B,B
2671,B,B
2672,B,B
2673,C,C
2674,B,B
2675,C,C
2676,B,B
2677,A,A
2678,A,A
2679,A,A
2680,B,B
2681,B,B
2682,B,B
2683,A,A
2684,C,C
2685,C,C
2686,C,C
2687,A,A
2688,A,A
2689,A,A
2690,A,A
2691,A,A
2692,A,A
2693,C,C
2694,A,A
2695,C,C
2696,B,B
2697,A,A
2698,B,B
2699,C,C
2700,C,C
2701,C,C
2702,C,C
2703,C,C
2704,C,C
2705,B,B
2706,A,A
2707,B,B
2708,B,B
2709,B,B
2710,A,A
2711,A,A
2712,B,B
2713,A,A
2714,A,A
2715,A,A
2716,A,A
2717,A,A
2718,A,A
2719,A,A
2720,A,A
2721,A,A
2722,A,A
2723,B,B
2724,B,B
2725,C,C
2726,B,B
2727,B,B
2728,C,C
2729,B,B
2730,B,B
2731,A,A
2732,A,A
2733,A,A
2734,A,A
2735,A,A
2736,A,A
2737,A,A
2738,A,A
2739,B,B
2740,B,B
2741,A,A
2742,B,B
2743,A,A
2744,A,A
2745,B,B
2746,A,A
2747,A,A
2748,B,B
2749,B,B
2750,A,A
2751,B,B
2752,B,B
2753,C,C
2754,B,B
2755,A,A
2756,C,C
2757,B,B
2758,A,A
2759,C,C
2760,C,C
2761,A,A
2762,B,B
2763,C,C
2764,B,B
2765,B,B
2766,C,C
2767,A,A
2768,A,A
2769,B,B
2770,B,B
2771,B,B
2772,C,C
2773,A,A
2774,B,B
2775,A,A
2776,A,A
2777,A,A
2778,A,A
2779,B,B
2780,A,A
2781,B,B
2782,A,A
2783,A,A
2784,B,B
2785,A,A
2786,A,A
2787,A,A
2788,A,A
2789,A,A
2790,A,A
2791,B,B
2792,B,B
2793,B,B
2794,C,C
2795,B,B
2796,B,B
2797,A,A
2798,B,B
2799,A,A
2800,B,B
2801,A,A
2802,B,B
2803,B,B
2804,B,B
2805,B,B
2806,B,B
2807,C,C
2808,A,A
2809,A,A
2810,A,A
2811,C,C
2812,A,A
2813,C,C
2814,C,C
2815,A,A
2816,A,A
2817,A,A
2818,B,B
2819,A,A
2820,A,A
2821,B,B
2822,A,A
2823,A,A
2824,A,A
2825,C,C
2826,A,A
2827,A,A
2828,B,B
2829,A,A
2830,A,A
2831,A,A
2832,A,A
2833,A,A
2834,B,B
2835,B,B
2836,A,A
2837,B,B
2838,B,B
2839,A,A
2840,A,A
2841,A,A
2842,A,A
2843,A,A
2844,A,A
2845,A,A
2846,A,A
2847,A,A
2848,B,B
2849,A,A
2850,B,B
2851,C,C
2852,A,A
2853,C,C
2854,A,A
2855,C,C
2856,C,C
2857,A,A
2858,B,B
2859,C,C
2860,B,B
2861,C,C
2862,A,A
2863,C,C
2864,C,C
2865,B,B
2866,B,B
2867,B,B
2868,B,B
2869,B,B
2870,B,B
2871,A,A
2872,C,C
2873,B,B
2874,C,C
2875,A,A
2876,A,A
2877,A,A
2878,B,B
2879,A,A
2880,B,B
2881,C,C
2882,C,C
2883,B,B
2884,B,B
2885,B,B
2886,C,C
2887,C,C
2888,C,C
2889,C,C
2890,B,B
2891,C,C
2892,B,B
2893,B,B
2894,A,A
2895,B,B
2896,B,B
2897,B,B
2898,B,B
2899,B,B
2900,B,B
2901,B,B
2902,B,B
2903,B,B
2904,B,B
2905,B,B
2906,C,C
2907,B,B
2908,A,A
2909,B,B
2910,A,A
2911,A,A
2912,B,B
2913,B,B
2914,B,B
2915,B,B
2916,B,B
2917,A,A
2918,A,A
2919,C,C
2920,A,A
2921,A,A
2922,C,C
2923,B,B
2924,A,A
2925,B,B
2926,A,A
2927,A,A
2928,A,A
2929,C,C
2930,B,B
2931,C,C
2932,A,A
2933,B,B
2934,B,B
2935,B,B
2936,B,B
2937,B,B
2938,B,B
2939,B,B
2940,B,B
2941,A,A
2942,A,A
2943,B,B
2944,A,A
2945,A,A
2946,B,B
2947,A,A
2948,A,A
2949,A,A
2950,A,A
2951,A,A
2952,A,A
2953,B,B
2954,C,C
2955,A,A
2956,C,C
2957,C,C
2958,C,C
2959,C,C
2960,B,B
2961,A,A
2962,A,A
2963,A,A
2964,C,C
2965,A,A
2966,A,A
2967,A,A
2968,A,A
2969,A,A
2970,A,A
2971,A,A
2972,A,A
2973,A,A
2974,A,A
2975,A,A
2976,B,B
2977,B,B
2978,B,B
2979,A,A
2980,B,B
2981,B,B
2982,B,B
2983,B,B
2984,A,A
2985,B,B
2986,B,B
2987,A,A
2988,A,A
2989,A,A
2990,A,A
2991,A,A
2992,A,A
2993,A,A
2994,A,A
2995,B,B
2996,B,B
2997,B,B
2998,C,C
2999,C,C
3000,B,B
3001,C,C
3002,C,C
3003,C,C
3004,C,C
3005,C,C
3006,B,B
3007,B,B
3008,B,B
3009,A,A
3010,A,A
3011,C,C
3012,B,B
3013,A,A
3014,A,A
3015,A,A
3016,C,C
3017,C,C
3018,C,C
3019,B,B
3020,B,B
3021,B,B
3022,B,B
3023,B,B
3024,C,C
3025,A,A
3026,A,A
3027,B,B
3028,B,B
3029,B,B
3030,A,A
3031,A,A
3032,A,A
3033,A,A
3034,A,A
3035,A,A
3036,A,A
3037,B,B
3038,A,A
3039,B,B
3040,A,A
3041,B,B
3042,A,A
3043,A,A
3044,A,A
3045,A,A
3046,A,A
3047,A,A
3048,A,A
3049,A,A
3050,B,B
3051,C,C
3052,C,C
3053,B,B
3054,B,B
3055,C,C
3056,C,C
3057,C,C
3058,A,A
3059,A,A
3060,C,C
3061,C,C
3062,C,C
3063,C,C
3064,C,C
3065,C,C
3066,C,C
3067,B,B
3068,B,B
3069,B,B
3070,B,B
3071,A,A
3072,B,B
3073,C,C
3074,A,A
3075,C,C
3076,A,A
3077,C,C
3078,C,C
3079,B,B
3080,B,B
3081,C,C
3082,A,A
3083,C,C
3084,C,C
3085,A,A
3086,A,A
3087,A,A
3088,A,A
3089,A,A
3090,B,B
3091,A,A
3092,C,C
3093,C,C
3094,C,C
3095,C,C
3096,C,C
3097,B,B
3098,A,A
3099,B,B
3100,B,B
3101,B,B
3102,B,B
3103,B,B
3104,A,A
3105,B,B
3106,B,B
3107,B,B
3108,B,B
3109,C,C
3110,C,C
3111,C,C
3112,A,A
3113,C,C
3114,A,A
3115,C,C
3116,A,A
3117,A,A
3118,A,A
3119,A,A
3120,A,A
3121,A,A
3122,A,A
3123,C,C
3124,C,C
3125,C,C
3126,A,A
3127,A,A
3128,A,A
3129,A,A
3130,B,B
3131,A,A
3132,C,C
3133,C,C
3134,C,C
3135,B,B
3136,B,B
3137,B,B
3138,B,B
3139,A,A
3140,A,A
3141,A,A
3142,C,C
3143,A,A
3144,A,A
3145,A,A
3146,C,C
3147,A,A
3148,A,A
3149,A,A
3150,A,A
3151,A,A
3152,A,A
3153,A,A
3154,A,A
3155,B,B
3156,B,B
3157,C,C
3158,B,B
3159,B,B
3160,B,B
3161,B,B
3162,C,C
3163,B,B
3164,A,A
3165,C,C
3166,C,C
3167,B,B
3168,B,B
3169,C,C
3170,A,A
3171,C,C
3172,C,C
3173,C,C
3174,C,C
3175,A,A
3176,A,A
3177,C,C
3178,B,B
3179,A,A
3180,C,C
3181,A,A
3182,C,C
3183,A,A
3184,B,B
3185,B,B
3186,C,C
3187,C,C
3188,A,A
3189,A,A
3190,A,A
3191,C,C
3192,A,A
3193,B,B
3194,B,B
3195,C,C
3196,B,B
3197,B,B
3198,A,A
3199,A,A
3200,A,A
3201,A,A
3202,C,C
3203,A,A
3204,A,A
3205,A,A
3206,B,B
3207,A,A
3208,C,C
3209,B,B
3210,A,A
3211,A,A
3212,A,A
3213,A,A
3214,A,A
3215,A,A
3216,A,A
3217,A,A
3218,A,A
3219,A,A
3220,A,A
3221,B,B
3222,B,B
3223,C,C
3224,A,A
3225,C,C
3226,B,B
3227,C,C
3228,C,C
3229,B,B
3230,B,B
3231,B,B
3232,C,C
3233,C,C
3234,C,C
3235,B,B
3236,C,C
3237,B,B
3238,A,A
3239,C,C
3240,C,C
3241,A,A
3242,A,A
3243,A,A
3244,A,A
3245,A,A
3246,A,A
3247,A,A
3248,A,A
3249,A,A
3250,A,A
3251,C,C
3252,A,A
3253,A,A
3254,A,A
3255,A,A
3256,A,A
3257,A,A
3258,B,B
3259,A,A
3260,B,B
3261,A,A
3262,A,A
3263,B,B
3264,C,C
3265,B,B
3266,A,A
3267,A,A
3268,B,B
3269,B,B
3270,C,C
3271,C,C
3272,A,A
3273,A,A
3274,C,C
3275,C,C
3276,C,C
3277,A,A
3278,C,C
3279,C,C
3280,A,A
3281,A,A
3282,C,C
3283,A,A
3284,A,A
3285,A,A
3286,A,A
3287,A,A
3288,A,A
3289,A,A
3290,B,B
3291,A,A
3292,A,A
3293,A,A
3294,A,A
3295,A,A
3296,B,B
3297,A,A
3298,A,A
3299,A,A
3300,B,B
3301,A,A
3302,B,B
3303,C,C
3304,B,B
3305,B,B
3306,C,C
3307,A,A
3308,A,A
3309,C,C
3310,B,B
3311,A,A
3312,C,C
3313,A,A
3314,A,A
3315,A,A
3316,A,A
3317,A,A
3318,A,A
3319,C,C
3320,B,B
3321,B,B
3322,C,C
3323,C,C
3324,C,C
3325,C,C
3326,C,C
3327,B,B
3328,A,A
3329,C,C
3330,B,B
3331,B,B
3332,A,A
3333,C,C
3334,C,C
3335,C,C
3336,C,C
3337,B,B
3338,B,B
3339,B,B
3340,B,B
3341,C,C
3342,B,B
3343,A,A
3344,C,C
3345,C,C
3346,C,C
3347,A,A
3348,A,A
3349,B,B
3350,A,A
3351,A,A
3352,B,B
3353,B,B
3354,B,B
3355,C,C
3356,C,C
3357,C,C
3358,A,A
3359,C,C
3360,C,C
3361,A,A
3362,A,A
3363,A,A
3364,A,A
3365,A,A
3366,A,A
3367,B,B
3368,B,B
3369,B,B
3370,B,B
3371,A,A
3372,B,B
3373,A,A
3374,B,B
3375,A,A
3376,A,A
3377,B,B
3378,A,A
3379,A,A
3380,B,B
3381,A,A
3382,A,A
3383,A,A
3384,C,C
3385,B,B
3386,B,B
3387,B,B
3388,B,B
3389,C,C
3390,B,B
3391,A,A
3392,A,A
3393,C,C
3394,A,A
3395,A,A
3396,A,A
3397,A,A
3398,C,C
3399,C,C
3400,A,A
3401,A,A
3402,A,A
3403,C,C
3404,C,C
3405,C,C
3406,B,B
3407,C,C
3408,B,B
3409,A,A
3410,A,A
3411,A,A
3412,C,C
3413,A,A
3414,A,A
3415,B,B
3416,B,B
3417,C,C
3418,C,C
3419,B,B
3420,B,B
3421,A,A
3422,C,C
3423,C,C
3424,A,A
3425,B,B
3426,A,A
3427,A,A
3428,B,B
3429,B,B
3430,A,A
3431,A,A
3432,B,B
3433,C,C
3434,B,B
3435,A,A
3436,B,B
3437,A,A
3438,A,A
3439,B,B
3440,B,B
3441,A,A
3442,B,B
3443,B,B
3444,B,B
3445,A,A
3446,A,A
3447,A,A
3448,A,A
3449,A,A
3450,A,A
3451,C,C
3452,B,B
3453,B,B
3454,B,B
3455,B,B
3456,B,B
3457,A,A
3458,C,C
3459,C,C
3460,A,A
3461,A,A
3462,A,A
3463,A,A
3464,A,A
3465,A,A
3466,A,A
3467,A,A
3468,A,A
3469,C,C
3470,C,C
3471,A,A
3472,C,C
3473,B,B
3474,C,C
3475,A,A
3476,A,A
3477,A,A
3478,B,B
3479,A,A
3480,C,C
3481,A,A
3482,A,A
3483,A,A
3484,A,A
3485,A,A
3486,A,A
3487,B,B
3488,C,C
3489,C,C
3490,C,C
3491,C,C
3492,B,B
3493,B,B
3494,B,B
3495,B,B
3496,B,B
3497,C,C
3498,C,C
3499,B,B
3500,B,B
3501,B,B
3502,B,B
3503,B,B
3504,A,A
3505,A,A
3506,A,A
3507,A,A
3508,A,A
3509,A,A
3510,A,A
3511,C,C
3512,C,C
3513,C,C
3514,A,A
3515,A,A
3516,C,C
3517,A,A
3518,C,C
3519,B,B
3520,A,A
3521,A,A
3522,C,C
3523,A,A
3524,A,A
3525,B,B
3526,B,B
3527,A,A
3528,B,B
3529,A,A
3530,A,A
3531,A,A
3532,A,A
3533,A,A
3534,A,A
3535,B,B
3536,B,B
3537,B,B
3538,B,B
3539,B,B
3540,C,C
3541,A,A
3542,A,A
3543,A,A
3544,B,B
3545,B,B
3546,C,C
3547,C,C
3548,C,C
3549,A,A
3550,C,C
3551,C,C
3552,B,B
3553,B,B
3554,B,B
3555,B,B
3556,B,B
3557,B,B
3558,B,B
3559,A,A
3560,C,C
3561,C,C
3562,C,C
3563,B,B
3564,C,C
3565,B,B
3566,A,A
3567,A,A
3568,A,A
3569,A,A
3570,A,A
3571,C,C
3572,C,C
3573,C,C
3574,A,A
3575,C,C
3576,A,A
3577,A,A
3578,B,B
3579,A,A
3580,B,B
3581,B,B
3582,A,A
3583,C,C
3584,B,B
3585,B,B
3586,B,B
3587,C,C
3588,A,A
3589,B,B
3590,B,B
3591,B,B
3592,B,B
3593,A,A
3594,A,A
3595,A,A
3596,A,A
3597,A,A
3598,A,A
3599,A,A
3600,A,A
